code,description
Removal,"The rule states that content identified as AI content will, or has the potential to, be removed because of the involvement of an AI system in generating the content."
Ban,"The rule states that individuals who share AI content will, or have the potential to, be banned because of the involvement of an AI system in generating the content."
Report,"The rule states that individuals who share AI content will, or have the potential to, be reported because of the involvement of an AI system in generating the content."
Low Quality,"The rule states that AI content is considered to be low quality content, or it mentions AI content in the context of content considered to be low quality."
Disclosure,"The rule states that posts must disclose if an AI system was used to generate, or assist with the generation of, the post content."
Not Allowed,The rule states that AI content is strictly prohibited.
Somewhat Allowed,The rule states that some AI content is prohibited and some is allowed.
Community Interest,"The rule indicates that the opinions or interests of the community were considered with regards to AI content, or that members of the community will benefit from how AI content is regulated."
Off-topic/Post Type,"The rule states that AI content is considered to be off-topic or it mentions AI content in the context of content considered to be off-topic, or it states that AI content is only allowed for certain types of posts."
Harmful,"The rule states that AI content is harmful or that it has the potential to cause harm, or it mentions AI content in the context of content considered to be harmful or having the potential to cause harm."
Frequency,The rule specifies a frequency with which AI content is allowed to be posted.
Low Effort,"The rule states that AI content is considered to be low effort content, or it mentions AI content in the context of content considered to be low effort."
Harassment,The rule discusses the harassment of those who post AI content or content suspected to have been made with the assistance of an AI system.
Content Requirements,The rule addresses the content requirements or allowances of posts that contain AI content.
Location,"The rule specifies or suggests locations within the subreddit community where AI content can be shared, it suggests or identifies other subreddit communities where sharing AI content is allowed."
Spam,"The rule states that AI content is considered to be spam, or it mentions AI content in the context of content considered to be spam."
Authenticity,"The rule encourages or requires human contribution to the creation of content or suggests that content generated by, or with the assistance of, an AI system is fake, artificial, not real, or not actual content."
Originality,"The rule indicates that content generated by, or with the assistance of, an AI system is unoriginal. This includes ethical concerns related to the training of AI systems and the use of AI content without the consent of the original content creators."
Discretion,The rule states that discretion will be used to make moderation decisions about AI content.
Remediation,"The rule indicates a protocol to be followed if moderated content was misidentified as having been generated by, or with the assistance of, an AI system."