,subreddit,subscribers,topic,subreddit_id,time
0,r/woodburning,15175,Art,t5_2w6ms,1729697582.293313
1,r/CardanoStakePools,15174,Crypto,t5_vy4pj,1729697582.313484
2,r/MonsterSanctuary,15174,Gaming,t5_jyn91,1729697582.3318348
3,r/familyrecipes,15167,Food and Drink,t5_35tiq,1729697582.350197
4,r/seniordogs,15166,Animals and Pets,t5_30sy6,1729697582.368511
5,r/ArtBell,15165,Podcasts and Streamers,t5_2vo28,1729697582.3954408
6,r/Ophthalmology,15165,Medical and Mental Health,t5_2slmz,1729697582.415301
7,r/AlyciaDebnamCarey,15161,Celebrity,t5_3772g,1729697582.435023
8,r/KanagawaWave,15157,Politics,t5_4c0uqi,1729697582.4547698
9,r/photojournalism,15155,World News,t5_2qxmi,1729697582.4744651
10,r/givingifts,15151,Marketplace and Deals,t5_4kobmz,1729697582.55757
11,r/labor,15150,Politics,t5_2qn0s,1729697582.580526
12,r/negotiation,15149,Careers,t5_2rj2z,1729697582.6088982
13,r/usvisascheduling,15149,Travel,t5_92ewyv,1729697582.627695
14,r/DCSpoilers,15145,Movies,t5_435w33,1729697582.645935
15,r/magi,15142,Anime,t5_2u2sx,1729697582.6643782
16,r/bookdownloads,15141,"Reading, Writing, and Literature",t5_2tblq,1729697582.6828449
17,r/Ereh,15140,Art,t5_jkvsq,1729697582.7015429
18,r/RotisserieChickenCats,15140,Animals and Pets,t5_26ws7j,1729697582.7200608
19,r/AliaBhattPics,15137,Mature Themes and Adult Content,t5_355vp,1729697582.738465
20,r/KrisCollins,15136,Celebrity,t5_431gno,1729697582.757341
21,r/normalgossip,15136,Podcasts and Streamers,t5_5wpibz,1729697582.776056
22,r/BirdingMemes,15135,Internet Culture and Memes,t5_24czzn,1729697582.7947352
23,r/characterart,15135,Art,t5_2tswv,1729697582.813716
24,r/playarkservers,15131,Gaming,t5_38d8b,1729697582.832087
25,r/VOXEL,15130,Art,t5_2wyq2,1729697582.851064
26,r/EVGA,15128,Technology,t5_2vvbj,1729697582.870027
27,r/plural,15128,Medical and Mental Health,t5_35l44,1729697582.8889222
28,r/brainlet,15123,Internet Culture and Memes,t5_7bmz4,1729697582.9076219
29,r/kriptopara,15121,Crypto,t5_aa47w,1729697582.926404
30,r/SalesforceDeveloper,15121,Programming,t5_38d6s,1729697582.945257
31,r/UltraHighResCelebs,15121,Celebrity,t5_2g68wk,1729697582.964392
32,r/Tallships,15119,Hobbies,t5_2tj4i,1729697582.983247
33,r/DidYouKn,15117,Funny/Humor,t5_23mmg6,1729697583.001549
34,r/KSU,15116,Learning and Education,t5_2s3yt,1729697583.019507
35,r/brazilianjiujitsu,15110,Sports,t5_2uola,1729697583.0393732
36,r/cary,15110,Place,t5_2skdc,1729697583.0591512
37,r/RowanBlanchard,15110,Celebrity,t5_2sykr,1729697583.079633
38,r/PumasUnam,15108,Sports,t5_3a66c,1729697583.098804
39,r/BackgroundCheckGuide,15103,Careers,t5_6lx4ay,1729697583.117718
40,r/WidespreadPanic,15102,Music,t5_2rtvm,1729697583.136085
41,r/AmandaSeyfriedOnline,15100,Celebrity,t5_7m74g9,1729697583.154746
42,r/remoteplay,15096,Gaming,t5_2zszf,1729697583.173907
43,r/BigBootyBattles,15093,This community is for the fans of ass comparisons,t5_bizyao,1729697583.192513
44,r/fidgettoys,15093,Hobbies,t5_3g3jo,1729697583.211481
45,r/MattePainting,15090,Art,t5_2srvb,1729697583.229899
46,r/crazy_inventions,15088,Science,t5_2lzlji,1729697583.2491279
47,r/AmexUK,15085,"Business, Economics, and Finance",t5_u1n7y,1729697583.2678452
48,r/LowSodiumHalo,15085,Gaming,t5_2q0g0n,1729697583.2865841
49,r/Switchloader,15085,Gaming,t5_rw689,1729697583.3051982
50,r/Tangled,15084,Technology,t5_2t1ic,1729697583.323935
51,r/veterinaryschool,15084,Learning and Education,t5_2wikx,1729697583.3426208
52,r/budgetweddings,15083,Family and Relationships,t5_2tu7p,1729697583.361183
53,r/AwksPewRoo2,15081,Podcasts and Streamers,t5_aiqdep,1729697583.379772
54,r/UlluWebSeriesActress,15078,Mature Themes and Adult Content,t5_ah1sji,1729697583.398769
55,r/Proofreading,15077,"Reading, Writing, and Literature",t5_2s6rw,1729697583.417583
56,r/Lovelink,15074,Gaming,t5_2zedyi,1729697583.4364722
57,r/Accenture_PH,15071,Careers,t5_8meg1t,1729697583.455571
58,r/kingdomthegame,15070,Gaming,t5_3af97,1729697583.474721
59,r/griz,15067,Music,t5_2xkow,1729697583.493463
60,r/ThursdayBoot,15065,Fashion,t5_11ifds,1729697583.512326
61,r/SlavaUkrayini,15064,World News,t5_5zbtc2,1729697583.532427
62,r/EU5,15063,Gaming,t5_2y8qb,1729697583.553368
63,r/ImaginaryLibraries,15063,Art,t5_3ewvp,1729697583.5725079
64,r/PMDDxADHD,15060,Women's Health,t5_4th2py,1729697583.591864
65,r/learnEnglishOnline,15059,Learning and Education,t5_38p83,1729697583.6112041
66,r/duke,15055,Learning and Education,t5_2rh8n,1729697583.630282
67,r/PublicLands,15054,Activism,t5_2w06y,1729697583.64906
68,r/WellTextSucks,15054,Internet Culture and Memes,t5_10xu7a,1729697583.667598
69,r/ProjectDiva,15049,Gaming,t5_33fti,1729697583.686508
70,r/triptayopre,15049,Mature Themes and Adult Content,t5_9naa6g,1729697583.7052422
71,r/midlyinfuriating,15048,Internet Culture and Memes,t5_4u94rm,1729697583.72442
72,r/angourierice,15047,Celebrity,t5_34ge9,1729697583.7431
73,r/burial,15047,Music,t5_2sroq,1729697583.761631
74,r/JohnnyCash,15047,Music,t5_2svcq,1729697583.7804291
75,r/africancurves,15046,"Welcome to African curves, a subreddit where we appreciate curvy women from all countries of Africa, please check the rules before posting, no insults or negative coments will be tolerated, join and enjoy the beauty of the mother land <3",t5_6pmtqj,1729697583.799776
76,r/subnauticabases,15045,Gaming,t5_3flwk,1729697583.818485
77,r/Parkinsons,15044,Medical and Mental Health,t5_2u0be,1729697583.837347
78,r/joshswainbattle,15041,for cataloguing the battle for the name of Josh Swain. Thanks for joining. The battle is over but the friendships made along the way aren't. (avatar is a meme by u/D_Fedy),t5_3qyvo3,1729697583.8562932
79,r/multilingualparenting,15040,Family and Relationships,t5_j8se6,1729697583.8750138
80,r/laika,15039,Movies,t5_2u2ox,1729697583.893923
81,r/okbuddyreze,15039,Anime,t5_45fgu5,1729697583.9127638
82,r/esLinux,15038,Technology,t5_3jh9f,1729697583.9312909
83,r/SciFiScroll,15028,Television,t5_2r8hj,1729697583.950059
84,r/rmit,15027,Learning and Education,t5_2ta66,1729697583.9691892
85,r/MoonSwatches,15026,Fashion,t5_620lif,1729697583.987753
86,r/friendshipbracelets,15022,Crafts and DIY,t5_2x52c,1729697584.007165
87,r/IPhoneApps,15021,Technology,t5_2qkcx,1729697584.025923
88,r/Sorare,15021,Gaming,t5_zfhap,1729697584.046443
89,r/MapsWithoutDenmark,15018,Internet Culture and Memes,t5_3itx8,1729697584.065967
90,r/ayodhya,15016,Place,t5_jxgcp,1729697584.085112
91,r/killsixbilliondemons,15016,"Reading, Writing, and Literature",t5_352se,1729697584.104244
92,r/Backend,15014,Programming,t5_2sr2v,1729697584.123424
93,r/Supabase,15013,Programming,t5_47da3l,1729697584.142024
94,r/AbandonedVideo,15011,Travel,t5_3fga2,1729697584.160156
95,r/Solving_A858,15011,Solving the Stonehenge of Reddit: /r/A858DE45F56D9BC9.,t5_2uyi4,1729697584.1788979
96,r/OsmosisLab,15008,Crypto,t5_4ltua8,1729697584.1975832
97,r/ACNHTrade,15006,Gaming,t5_2hc1gm,1729697584.216266
98,r/animehotbeverages,15006,Anime,t5_3p8sz,1729697584.23489
99,r/XIM,15005,Technology,t5_2vxmw,1729697584.253551
100,r/decred,15003,Crypto,t5_30fo6,1729697584.2721438
101,r/Supremacy1914,14999,Gaming,t5_2sj5i,1729697584.290831
102,r/angellowee,14997,Podcasts and Streamers,t5_bdkomn,1729697584.346477
103,r/BiancaCensoriHub,14997,Celebrity,t5_ajnum6,1729697584.4837399
104,r/qualityrareinsults,14994,Funny/Humor,t5_13ozs9,1729697584.505004
105,r/Lethbridge,14993,Place,t5_2rp1o,1729697584.523506
106,r/hackrf,14990,Technology,t5_2xjrz,1729697584.542599
107,r/MiniatureSchnauzer,14990,Animals and Pets,t5_2tbwx,1729697584.562541
108,r/3dsFCswap,14989,Gaming,t5_2t9dd,1729697584.590713
109,r/ollama,14982,Technology,t5_8sk7f8,1729697584.609986
110,r/SneakerWatch,14980,Fashion,t5_ot8hv,1729697584.628822
111,r/ThePenguin,14979,Television,t5_4ocegb,1729697584.647486
112,r/hollisUncensored,14973,Internet Culture and Memes,t5_4uwx4x,1729697584.666208
113,r/Tetris99,14973,Gaming,t5_wizvp,1729697584.73245
114,r/europics,14972,Art,t5_2ywr5,1729697584.7513201
115,r/AirBnBHosts,14970,Careers,t5_3gr14,1729697584.7771578
116,r/Vespa,14970,Cars and Motor Vehicles,t5_2r8kz,1729697584.796086
117,r/1inch,14966,Crypto,t5_2h95d8,1729697584.814539
118,r/Mikasa,14964,Anime,t5_2xi3l,1729697584.833506
119,r/ultrahdwallpapers,14964,Art,t5_2yurs,1729697584.851957
120,r/selfharmteens,14960,Medical and Mental Health,t5_37h29g,1729697584.870715
121,r/Elevators,14957,Careers,t5_2qq4x,1729697584.889451
122,r/Suikoden,14956,Gaming,t5_2r0m9,1729697584.907913
123,r/tutor,14954,Learning and Education,t5_2s8d4,1729697584.926584
124,r/incubus,14950,Music,t5_2qrsm,1729697584.945295
125,r/ChristinaMilian,14949,Celebrity,t5_2w43a,1729697584.963918
126,r/poketwo,14948,Gaming,t5_2pw9jd,1729697584.982883
127,r/ChristianDating,14945,Family and Relationships,t5_2tqrp,1729697585.001802
128,r/Botosani,14943,Place,t5_2sqje,1729697585.020611
129,r/unionsolidarity,14943,Activism,t5_5r8iqm,1729697585.0395951
130,r/PodcastSharing,14942,Podcasts and Streamers,t5_me7ba,1729697585.060215
131,r/rilakkuma,14942,Anime,t5_2tp85,1729697585.079454
132,r/Slender_Man,14942,Gaming,t5_2s4md,1729697585.0993211
133,r/PTCGP,14938,Gaming,t5_aw1ftr,1729697585.120716
134,r/RainbowKittenSurprise,14936,Music,t5_37h82,1729697585.139667
135,r/irc,14935,Technology,t5_2qh8t,1729697585.1582909
136,r/salesengineers,14935,Careers,t5_3d6pf,1729697585.176963
137,r/PasswordManagers,14934,Technology,t5_3461c,1729697585.195889
138,r/YogaTeachers,14932,Careers,t5_2ttit,1729697585.214912
139,r/pokemonrng,14931,Gaming,t5_2u6nf,1729697585.23344
140,r/runaway,14930,Trauma Support,t5_2t3v5,1729697585.252033
141,r/MedTechPH,14929,Learning and Education,t5_6p58gb,1729697585.2709608
142,r/menards,14929,Careers,t5_2v8lo,1729697585.289881
143,r/kactress,14927,Celebrity,t5_7c7qfm,1729697585.308688
144,r/ReefDeFi,14927,Crypto,t5_2zwx0t,1729697585.3274639
145,r/Virology,14927,Science,t5_2usj4,1729697585.346411
146,r/diytubes,14926,Crafts and DIY,t5_3ebxj,1729697585.3651898
147,r/HeroesofNewerth,14924,Gaming,t5_2r497,1729697585.38356
148,r/findasubreddit,14923,Meta/Reddit,t5_2t1xn,1729697585.402237
149,r/AFCBournemouth,14922,Sports,t5_2x0lh,1729697585.4208791
150,r/LoomianLegacy,14920,Gaming,t5_v22ad,1729697585.439637
151,r/ventura,14920,Place,t5_2rkxf,1729697585.458287
152,r/hacks,14918,Crafts and DIY,t5_2qhky,1729697585.478066
153,r/Innovation,14918,Technology,t5_2qkq0,1729697585.4970539
154,r/WorkBoots,14918,Fashion,t5_375r3,1729697585.515648
155,r/mineralcollectors,14917,Hobbies,t5_jocv2,1729697585.533958
156,r/vanitasnocarte,14917,Anime,t5_g3ew3,1729697585.554402
157,r/EuropeEats,14916,Food and Drink,t5_2w1nzt,1729697585.575369
158,r/expectedcommunism,14915,Internet Culture and Memes,t5_s9c5y,1729697585.594301
159,r/CelebrityDresses,14911,Celebrity,t5_7nmcfk,1729697585.613158
160,r/DanmachiMemoriaFreese,14911,Gaming,t5_hi3q8,1729697585.631708
161,r/HPMagicAwakened,14911,Gaming,t5_pegl7,1729697585.650555
162,r/Peytoncoffee_3,14910,PEYTON COFFEE SUB REBORN NO ASKING TO JERK NO TELEGRAM OR DISCORD NO LINKS NO OTHER COTENT NO WEIRD SHIT,t5_ay8umu,1729697585.669153
163,r/ausenviro,14908,Activism,t5_2sw20,1729697585.687814
164,r/SaintLouisDrill,14906,Music,t5_3hgrvz,1729697585.707227
165,r/DeltaGreenRPG,14902,Tabletop Games,t5_39xfr,1729697585.7253351
166,r/ColorizedStatues,14899,Art,t5_p5gya,1729697585.7440891
167,r/dosgaming,14899,Gaming,t5_2rnsx,1729697585.7626839
168,r/telus,14896,"Business, Economics, and Finance",t5_2sdvb,1729697585.781483
169,r/stop_motion,14895,Art,t5_2sol2,1729697585.7997582
170,r/NorskFotball,14891,Sports,t5_39gn7,1729697585.818856
171,r/storyandstyle,14891,"Reading, Writing, and Literature",t5_i5d0u,1729697585.837642
172,r/animeexpo,14889,Anime,t5_30jab,1729697585.8564632
173,r/CeX,14889,Careers,t5_2zbco,1729697585.875238
174,r/BloodbornePC,14885,Gaming,t5_48dqd6,1729697585.893981
175,r/donationrequest,14884,"Business, Economics, and Finance",t5_2sado,1729697585.913105
176,r/WhatIfMarvel,14884,Television,t5_25j23m,1729697585.9320488
177,r/doublebass,14880,Music,t5_2slsg,1729697585.950371
178,r/10yearsatleast,14877,Anime,t5_5t8kon,1729697585.969353
179,r/CypherMains,14875,Gaming,t5_2grt4n,1729697585.9882329
180,r/TwoDots,14872,Gaming,t5_322gx,1729697586.007052
181,r/SWN,14871,Tabletop Games,t5_34j2j,1729697586.025388
182,r/ihaveihaveihavewunkus,14870,Animals and Pets,t5_9776x3,1729697586.0458949
183,r/Earth199999,14867,Movies,t5_39ckb,1729697586.066158
184,r/PVZmemes,14867,Gaming,t5_qt0km,1729697586.084824
185,r/TheKonsey,14865,Internet Culture and Memes,t5_82lwu5,1729697586.103864
186,r/Marvel_Movies,14864,Movies,t5_39fjj,1729697586.123014
187,r/scifi_bookclub,14862,"Reading, Writing, and Literature",t5_2s7vt,1729697586.1420958
188,r/sjr4r,14862,Mature Themes and Adult Content,t5_2wih4,1729697586.1618261
189,r/estimation,14859,Science,t5_2uh0h,1729697586.1808488
190,r/tjcrew,14859,Careers,t5_2xy9h,1729697586.199708
191,r/apachespark,14855,Programming,t5_32fy8,1729697586.218631
192,r/avowed,14854,Gaming,t5_2wdfei,1729697586.237494
193,r/FluxAI,14853,Technology,t5_c4389k,1729697586.256073
194,r/hindumemes,14849,Ethics and Philosophy,t5_292bvv,1729697586.274766
195,r/IMadeThis,14848,Crafts and DIY,t5_2r17l,1729697586.2934778
196,r/Magium,14848,Tabletop Games,t5_3b4q4,1729697586.3123252
197,r/psphacks,14847,Gaming,t5_3d3vl,1729697586.3309388
198,r/hellaflyai,14846,Art,t5_afe9un,1729697586.349705
199,r/AniMixPlay,14845,Movies,t5_2va3tb,1729697586.3685498
200,r/Immunology,14845,Science,t5_2qlnp,1729697586.3873842
201,r/DNDNL,14844,Tabletop Games,t5_3ceu7,1729697586.406142
202,r/ChicagoBearsNFL,14840,Sports,t5_2mklss,1729697586.424748
203,r/squarespace,14840,Technology,t5_2sb4z,1729697586.4437902
204,r/Trivandrum,14840,Place,t5_2t0xy,1729697586.462532
205,r/romancemovies,14839,Movies,t5_3m02fs,1729697586.481473
206,r/LoomKnitting,14837,Hobbies,t5_2rcm9,1729697586.500305
207,r/BobsBurgersCreations,14836,Food and Drink,t5_3hsp1,1729697586.5203588
208,r/cta,14833,Cars and Motor Vehicles,t5_2qk6r,1729697586.538928
209,r/taskfailsuccessfully,14832,Internet Culture and Memes,t5_22vzpo,1729697586.559405
210,r/Doritos,14826,Food and Drink,t5_2rztp,1729697586.578691
211,r/BidenIsNotMyPresident,14825,Politics,t5_3nf1h9,1729697586.598043
212,r/StellarisOnConsole,14823,Gaming,t5_wxdds,1729697586.617525
213,r/SunKenji,14823,Podcasts and Streamers,t5_5a6gfy,1729697586.636275
214,r/polyphasic,14819,Medical and Mental Health,t5_2qlwv,1729697586.655144
215,r/RWBYcritics,14818,Anime,t5_wuw08,1729697586.6740868
216,r/DubFrostSnark,14816,Celebrity,t5_6j7oxq,1729697586.692485
217,r/highspeedrail,14816,Cars and Motor Vehicles,t5_2shvt,1729697586.711027
218,r/BinanceSmartChain,14815,Crypto,t5_33yq30,1729697586.7300029
219,r/HitchHikersGuide,14809,"Reading, Writing, and Literature",t5_2vgdb,1729697586.7488441
220,r/GBA4iOS,14807,Gaming,t5_302pi,1729697586.767672
221,r/MetalGearSolidmemes,14806,Gaming,t5_ty56j,1729697586.786664
222,r/MarvelCrisisProtocol,14803,Tabletop Games,t5_22d08i,1729697586.805413
223,r/Substack,14802,"Reading, Writing, and Literature",t5_13ecxt,1729697586.824191
224,r/CarolNotKaren,14800,"â€¢ a subreddit to appreciate ""Carols"", Not ""Karens"".",t5_4pmv73,1729697586.8454888
225,r/UHRSwork,14800,Careers,t5_32r36,1729697586.864619
226,r/lindsaybercosky,14798,Welcome to lindsaybercosky,t5_7fldq7,1729697586.88352
227,r/techjobs,14798,Careers,t5_2repw,1729697586.9022112
228,r/Annapolis,14795,Place,t5_2qyl5,1729697586.920987
229,r/APUSH,14794,Learning and Education,t5_2swvs,1729697586.939352
230,r/abriebaby18,14793,Mature Themes and Adult Content,t5_4lhzao,1729697586.957812
231,r/TTSWarhammer40k,14790,Tabletop Games,t5_374a9,1729697586.977762
232,r/ARMPITWORSHIPPERS,14789,Mature Themes and Adult Content,t5_4v2qim,1729697586.9968169
233,r/Anne,14788,Television,t5_2qla7,1729697587.0155149
234,r/boywithuke,14786,Music,t5_4c9z7h,1729697587.033964
235,r/vegancheesemaking,14785,Food and Drink,t5_3pjww,1729697587.053623
236,r/Ender3S1,14784,Technology,t5_5fbfn5,1729697587.073743
237,r/pencilmusic,14784,Tunes made by putting pencil to paper. I felt compelled to create this sub after seeing this [post](https://www.reddit.com/r/StarWars/comments/7pkjqr/it_started_with_x4_and_i_couldnt_unhear_it/?utm_source=reddit-android),t5_ax2az,1729697587.0929658
238,r/CricketWireless,14783,Technology,t5_31v5m,1729697587.1122189
239,r/Gloucestershire,14783,Place,t5_2t39a,1729697587.131107
240,r/NatureofPredators,14783,"Reading, Writing, and Literature",t5_6sz7xl,1729697587.1501398
241,r/RecordThisForFree,14783,Marketplace and Deals,t5_3fao5,1729697587.169148
242,r/firealarms,14781,Careers,t5_2w2hx,1729697587.1880279
243,r/happyvalley,14781,Television,t5_2uuit,1729697587.206918
244,r/WAGuns,14781,Mature Themes and Adult Content,t5_354m3,1729697587.225638
245,r/AsianBeautyAdvice,14780,Beauty and Makeup,t5_3kgjf,1729697587.2444868
246,r/Scriptable,14780,Technology,t5_ntiup,1729697587.263448
247,r/AndrewGosden,14778,Law,t5_jpdnh,1729697587.282201
248,r/StarWarsSkeletonCrew,14778,"Star Wars: Skeleton Crew, an Original series starring Jude Law, from executive producers Jon Watts, Christopher Ford, Jon Favreau and Dave Filoni, is streaming in 2023 only on Disney+",t5_6fjzof,1729697587.301107
249,r/LifeSimulators,14776,Gaming,t5_artcec,1729697587.3198879
